{
    "name": "Spooky Time",
    "id":"halloween_theme",
    "version": "1.0.1",

    "dark": {
        "primary": "#ffe69a0e",
        "secondary": "#ffd6b50f",
        "background": "#FF4f3713",
        "surface": "#FF7d5418",
        "onPrimary": "#ffffffff",
        "onSecondary": "#ffffffff",
        "onBackground": "#ffffffff",
        "onSurface": "#ffffffff"
    },

    "light": {
        "primary": "#ffe69a0e",
        "secondary": "#ffd6b50f",
        "background": "#FFa8620c",
        "surface": "#FFffb963",
        "onPrimary": "#ffffffff",
        "onSecondary": "#ffffffff",
        "onBackground": "#ffffffff",
        "onSurface": "#ff000000"
    }
}