{
    "name": "New Year Glow",
    "id": "new_year_theme",
    "version": "1.0.0",

    "dark": {
        "primary": "#ff4FC3F7",
        "secondary": "#ffFFD54F",
        "background": "#ff0B1020",
        "surface": "#ff151A2E",
        "onPrimary": "#FF000000",
        "onSecondary": "#FF000000",
        "onBackground": "#FFFFFFFF",
        "onSurface": "#FFFFFFFF"
    },

    "light": {
        "primary": "#ff1E88E5",
        "secondary": "#ffFFC107",
        "background": "#ffF4F7FB",
        "surface": "#FFFFFFFF",
        "onPrimary": "#FFFFFFFF",
        "onSecondary": "#FF000000",
        "onBackground": "#FF000000",
        "onSurface": "#FF000000"
    }
}
